{"loss": 0.11634864900521413, "_timestamp": 1746137408.5964963, "_runtime": 101.55492234230042, "_step": 9, "_wandb": {"runtime": 99}}