{"_wandb":{"runtime":174},"train_loss":0.1387520222839984,"_timestamp":1.7470319469116273e+09,"_runtime":167.251954244,"_step":21}