{"_step":3,"_wandb":{"runtime":13},"train_loss":0.060994368121027945,"_timestamp":1.7470310895637991e+09,"_runtime":13.038904506}