{"loss": 0.22798529235725093, "_timestamp": 1747002753.7959788, "_runtime": 91.57569789886475, "_step": 7, "_wandb": {"runtime": 99}}