{"loss": 0.0031289167593851097, "_timestamp": 1746994568.71413, "_runtime": 28.42385196685791, "_step": 1, "_wandb": {"runtime": 33}}