{"loss": 0.11019556454883996, "_timestamp": 1746155419.2252073, "_runtime": 708.0772383213043, "_step": 79, "_wandb": {"runtime": 710}}