{"loss": 0.12489427331458977, "_timestamp": 1746918928.1645188, "_runtime": 171.88853693008423, "_step": 25, "_wandb": {"runtime": 170}}