{"train_loss":0.029294776986265016,"val_iou":0.9504076400770026,"_runtime":4866.782983861,"val_mae":0.0064030069762061465,"seg_truths":{"_type":"images/separated","width":640,"height":480,"format":"png","count":5,"filenames":["media/images/seg_truths_1323_279454db37642ee00d67.png","media/images/seg_truths_1323_7331a8ad3bf0d0c89416.png","media/images/seg_truths_1323_eb5623178706d01ea287.png","media/images/seg_truths_1323_f3ecbe40e78d5635ce85.png","media/images/seg_truths_1323_c8c716355d13e908249e.png"],"captions":["seg_truths_1","seg_truths_2","seg_truths_3","seg_truths_4","seg_truths_5"]},"epoch":10,"_step":1323,"img":{"captions":["img_1","img_2","img_3","img_4","img_5"],"_type":"images/separated","width":640,"height":480,"format":"png","count":5,"filenames":["media/images/img_1321_d8856aa98b87eed4972e.png","media/images/img_1321_70ed397440f0a2ec6a33.png","media/images/img_1321_d68398b2dace8ec3bfd1.png","media/images/img_1321_8468027c352bc2f0c7a5.png","media/images/img_1321_882e5f19b72f3dbc3433.png"]},"train_rmse":0.013636826406988366,"_wandb":{"runtime":4867},"_timestamp":1.7470297518398466e+09,"train_mae":0.006766865072761043,"train_loss_epoch":0.029294776986265016,"val_loss":0.028667900743002586,"train_iou":0.9496543738877931,"depth_preds":{"_type":"images/separated","width":640,"height":480,"format":"png","count":5,"filenames":["media/images/depth_preds_1322_d2989ff9430a9681df5b.png","media/images/depth_preds_1322_273964ac42f5cb15a106.png","media/images/depth_preds_1322_651ee71c06b59391325d.png","media/images/depth_preds_1322_cde19a54c4584ab32b81.png","media/images/depth_preds_1322_3264a600131d08d43f35.png"],"captions":["depth_preds_1","depth_preds_2","depth_preds_3","depth_preds_4","depth_preds_5"]},"seg_preds":{"format":"png","count":5,"filenames":["media/images/seg_preds_1323_cf4ba34687903953dc9c.png","media/images/seg_preds_1323_a41a0abff94b0aa0320f.png","media/images/seg_preds_1323_2775cf01740786f5486e.png","media/images/seg_preds_1323_fc271ca4577405a7ec25.png","media/images/seg_preds_1323_ffcbf744c72c0c13e419.png"],"captions":["seg_preds_1","seg_preds_2","seg_preds_3","seg_preds_4","seg_preds_5"],"_type":"images/separated","width":640,"height":480},"val_rmse":0.01310152804712573,"depth_truths":{"width":640,"height":480,"format":"png","count":5,"filenames":["media/images/depth_truths_1322_f40e44f206b86e033c38.png","media/images/depth_truths_1322_aa7c9f83e28066bd0de5.png","media/images/depth_truths_1322_fdbe2b345f9b766972f7.png","media/images/depth_truths_1322_9ceffe7912df5240a920.png","media/images/depth_truths_1322_5903f0773e2a36ca490d.png"],"captions":["depth_truths_1","depth_truths_2","depth_truths_3","depth_truths_4","depth_truths_5"],"_type":"images/separated"}}