{"_step":90,"_wandb":{"runtime":270},"train_loss":0.09418794360380252,"_timestamp":1.7470316505058649e+09,"_runtime":268.884663382}